basic_prompt,instructive_prompt,CoT_prompt
You are to construct a narrative or story based on the prompt provided below. The story length are suggested around 500 words. The prompt is: The Dog That Did Not Bark,"Imaginative Stories Task. In this task, your creativity and storytelling ability will be assessed. You are to construct a narrative or story based on the prompt provided below. Your story should be as creative, engaging, and detailed as possible. Remember, there are no correct or incorrect responses. This task is designed to tap into your creative thinking and narrative abilities. The story length are suggested around 500 words. The prompt is: The Dog That Did Not Bark",You are to construct a narrative or story based on the prompt provided below. The story length are suggested around 500 words. Let's think step by step. The prompt is: The Dog That Did Not Bark
You are to construct a narrative or story based on the prompt provided below. The story length are suggested around 500 words. The prompt is: The Invisible Elephant,"Imaginative Stories Task. In this task, your creativity and storytelling ability will be assessed. You are to construct a narrative or story based on the prompt provided below. Your story should be as creative, engaging, and detailed as possible. Remember, there are no correct or incorrect responses. This task is designed to tap into your creative thinking and narrative abilities. The story length are suggested around 500 words. The prompt is: The Invisible Elephant",You are to construct a narrative or story based on the prompt provided below. The story length are suggested around 500 words. Let's think step by step. The prompt is: The Invisible Elephant
You are to construct a narrative or story based on the prompt provided below. The story length are suggested around 500 words. The prompt is: The River that Flowed Backward,"Imaginative Stories Task. In this task, your creativity and storytelling ability will be assessed. You are to construct a narrative or story based on the prompt provided below. Your story should be as creative, engaging, and detailed as possible. Remember, there are no correct or incorrect responses. This task is designed to tap into your creative thinking and narrative abilities. The story length are suggested around 500 words. The prompt is: The River that Flowed Backward",You are to construct a narrative or story based on the prompt provided below. The story length are suggested around 500 words. Let's think step by step. The prompt is: The River that Flowed Backward
You are to construct a narrative or story based on the prompt provided below. The story length are suggested around 500 words. The prompt is: The Tree that Could Talk,"Imaginative Stories Task. In this task, your creativity and storytelling ability will be assessed. You are to construct a narrative or story based on the prompt provided below. Your story should be as creative, engaging, and detailed as possible. Remember, there are no correct or incorrect responses. This task is designed to tap into your creative thinking and narrative abilities. The story length are suggested around 500 words. The prompt is: The Tree that Could Talk",You are to construct a narrative or story based on the prompt provided below. The story length are suggested around 500 words. Let's think step by step. The prompt is: The Tree that Could Talk
You are to construct a narrative or story based on the prompt provided below. The story length are suggested around 500 words. The prompt is: The Day the Sun Forgot to Rise,"Imaginative Stories Task. In this task, your creativity and storytelling ability will be assessed. You are to construct a narrative or story based on the prompt provided below. Your story should be as creative, engaging, and detailed as possible. Remember, there are no correct or incorrect responses. This task is designed to tap into your creative thinking and narrative abilities. The story length are suggested around 500 words. The prompt is: The Day the Sun Forgot to Rise",You are to construct a narrative or story based on the prompt provided below. The story length are suggested around 500 words. Let's think step by step. The prompt is: The Day the Sun Forgot to Rise
You are to construct a narrative or story based on the prompt provided below. The story length are suggested around 500 words. The prompt is: The Cat with Wings,"Imaginative Stories Task. In this task, your creativity and storytelling ability will be assessed. You are to construct a narrative or story based on the prompt provided below. Your story should be as creative, engaging, and detailed as possible. Remember, there are no correct or incorrect responses. This task is designed to tap into your creative thinking and narrative abilities. The story length are suggested around 500 words. The prompt is: The Cat with Wings",You are to construct a narrative or story based on the prompt provided below. The story length are suggested around 500 words. Let's think step by step. The prompt is: The Cat with Wings
You are to construct a narrative or story based on the prompt provided below. The story length are suggested around 500 words. The prompt is: The Rainbow that Lost its Colors,"Imaginative Stories Task. In this task, your creativity and storytelling ability will be assessed. You are to construct a narrative or story based on the prompt provided below. Your story should be as creative, engaging, and detailed as possible. Remember, there are no correct or incorrect responses. This task is designed to tap into your creative thinking and narrative abilities. The story length are suggested around 500 words. The prompt is: The Rainbow that Lost its Colors",You are to construct a narrative or story based on the prompt provided below. The story length are suggested around 500 words. Let's think step by step. The prompt is: The Rainbow that Lost its Colors
You are to construct a narrative or story based on the prompt provided below. The story length are suggested around 500 words. The prompt is: The Mountain that Moved,"Imaginative Stories Task. In this task, your creativity and storytelling ability will be assessed. You are to construct a narrative or story based on the prompt provided below. Your story should be as creative, engaging, and detailed as possible. Remember, there are no correct or incorrect responses. This task is designed to tap into your creative thinking and narrative abilities. The story length are suggested around 500 words. The prompt is: The Mountain that Moved",You are to construct a narrative or story based on the prompt provided below. The story length are suggested around 500 words. Let's think step by step. The prompt is: The Mountain that Moved
You are to construct a narrative or story based on the prompt provided below. The story length are suggested around 500 words. The prompt is: The School Inside a Cloud,"Imaginative Stories Task. In this task, your creativity and storytelling ability will be assessed. You are to construct a narrative or story based on the prompt provided below. Your story should be as creative, engaging, and detailed as possible. Remember, there are no correct or incorrect responses. This task is designed to tap into your creative thinking and narrative abilities. The story length are suggested around 500 words. The prompt is: The School Inside a Cloud",You are to construct a narrative or story based on the prompt provided below. The story length are suggested around 500 words. Let's think step by step. The prompt is: The School Inside a Cloud
You are to construct a narrative or story based on the prompt provided below. The story length are suggested around 500 words. The prompt is: The Giraffe with a Short Neck,"Imaginative Stories Task. In this task, your creativity and storytelling ability will be assessed. You are to construct a narrative or story based on the prompt provided below. Your story should be as creative, engaging, and detailed as possible. Remember, there are no correct or incorrect responses. This task is designed to tap into your creative thinking and narrative abilities. The story length are suggested around 500 words. The prompt is: The Giraffe with a Short Neck",You are to construct a narrative or story based on the prompt provided below. The story length are suggested around 500 words. Let's think step by step. The prompt is: The Giraffe with a Short Neck
You are to construct a narrative or story based on the prompt provided below. The story length are suggested around 500 words. The prompt is: The Invisible City,"Imaginative Stories Task. In this task, your creativity and storytelling ability will be assessed. You are to construct a narrative or story based on the prompt provided below. Your story should be as creative, engaging, and detailed as possible. Remember, there are no correct or incorrect responses. This task is designed to tap into your creative thinking and narrative abilities. The story length are suggested around 500 words. The prompt is: The Invisible City",You are to construct a narrative or story based on the prompt provided below. The story length are suggested around 500 words. Let's think step by step. The prompt is: The Invisible City
You are to construct a narrative or story based on the prompt provided below. The story length are suggested around 500 words. The prompt is: The Penguin who Lived in the Desert,"Imaginative Stories Task. In this task, your creativity and storytelling ability will be assessed. You are to construct a narrative or story based on the prompt provided below. Your story should be as creative, engaging, and detailed as possible. Remember, there are no correct or incorrect responses. This task is designed to tap into your creative thinking and narrative abilities. The story length are suggested around 500 words. The prompt is: The Penguin who Lived in the Desert",You are to construct a narrative or story based on the prompt provided below. The story length are suggested around 500 words. Let's think step by step. The prompt is: The Penguin who Lived in the Desert
You are to construct a narrative or story based on the prompt provided below. The story length are suggested around 500 words. The prompt is: The Magic Paintbrush,"Imaginative Stories Task. In this task, your creativity and storytelling ability will be assessed. You are to construct a narrative or story based on the prompt provided below. Your story should be as creative, engaging, and detailed as possible. Remember, there are no correct or incorrect responses. This task is designed to tap into your creative thinking and narrative abilities. The story length are suggested around 500 words. The prompt is: The Magic Paintbrush",You are to construct a narrative or story based on the prompt provided below. The story length are suggested around 500 words. Let's think step by step. The prompt is: The Magic Paintbrush
You are to construct a narrative or story based on the prompt provided below. The story length are suggested around 500 words. The prompt is: The Dancing Shoes,"Imaginative Stories Task. In this task, your creativity and storytelling ability will be assessed. You are to construct a narrative or story based on the prompt provided below. Your story should be as creative, engaging, and detailed as possible. Remember, there are no correct or incorrect responses. This task is designed to tap into your creative thinking and narrative abilities. The story length are suggested around 500 words. The prompt is: The Dancing Shoes",You are to construct a narrative or story based on the prompt provided below. The story length are suggested around 500 words. Let's think step by step. The prompt is: The Dancing Shoes
You are to construct a narrative or story based on the prompt provided below. The story length are suggested around 500 words. The prompt is: The Singing Flower,"Imaginative Stories Task. In this task, your creativity and storytelling ability will be assessed. You are to construct a narrative or story based on the prompt provided below. Your story should be as creative, engaging, and detailed as possible. Remember, there are no correct or incorrect responses. This task is designed to tap into your creative thinking and narrative abilities. The story length are suggested around 500 words. The prompt is: The Singing Flower",You are to construct a narrative or story based on the prompt provided below. The story length are suggested around 500 words. Let's think step by step. The prompt is: The Singing Flower
You are to construct a narrative or story based on the prompt provided below. The story length are suggested around 500 words. The prompt is: The Day Gravity Disappeared,"Imaginative Stories Task. In this task, your creativity and storytelling ability will be assessed. You are to construct a narrative or story based on the prompt provided below. Your story should be as creative, engaging, and detailed as possible. Remember, there are no correct or incorrect responses. This task is designed to tap into your creative thinking and narrative abilities. The story length are suggested around 500 words. The prompt is: The Day Gravity Disappeared",You are to construct a narrative or story based on the prompt provided below. The story length are suggested around 500 words. Let's think step by step. The prompt is: The Day Gravity Disappeared
You are to construct a narrative or story based on the prompt provided below. The story length are suggested around 500 words. The prompt is: The Man on the Moon,"Imaginative Stories Task. In this task, your creativity and storytelling ability will be assessed. You are to construct a narrative or story based on the prompt provided below. Your story should be as creative, engaging, and detailed as possible. Remember, there are no correct or incorrect responses. This task is designed to tap into your creative thinking and narrative abilities. The story length are suggested around 500 words. The prompt is: The Man on the Moon",You are to construct a narrative or story based on the prompt provided below. The story length are suggested around 500 words. Let's think step by step. The prompt is: The Man on the Moon
You are to construct a narrative or story based on the prompt provided below. The story length are suggested around 500 words. The prompt is: The Ocean that Dried Up,"Imaginative Stories Task. In this task, your creativity and storytelling ability will be assessed. You are to construct a narrative or story based on the prompt provided below. Your story should be as creative, engaging, and detailed as possible. Remember, there are no correct or incorrect responses. This task is designed to tap into your creative thinking and narrative abilities. The story length are suggested around 500 words. The prompt is: The Ocean that Dried Up",You are to construct a narrative or story based on the prompt provided below. The story length are suggested around 500 words. Let's think step by step. The prompt is: The Ocean that Dried Up
You are to construct a narrative or story based on the prompt provided below. The story length are suggested around 500 words. The prompt is: The Fox with No Tail,"Imaginative Stories Task. In this task, your creativity and storytelling ability will be assessed. You are to construct a narrative or story based on the prompt provided below. Your story should be as creative, engaging, and detailed as possible. Remember, there are no correct or incorrect responses. This task is designed to tap into your creative thinking and narrative abilities. The story length are suggested around 500 words. The prompt is: The Fox with No Tail",You are to construct a narrative or story based on the prompt provided below. The story length are suggested around 500 words. Let's think step by step. The prompt is: The Fox with No Tail
You are to construct a narrative or story based on the prompt provided below. The story length are suggested around 500 words. The prompt is: The Boy who could Breathe Underwater,"Imaginative Stories Task. In this task, your creativity and storytelling ability will be assessed. You are to construct a narrative or story based on the prompt provided below. Your story should be as creative, engaging, and detailed as possible. Remember, there are no correct or incorrect responses. This task is designed to tap into your creative thinking and narrative abilities. The story length are suggested around 500 words. The prompt is: The Boy who could Breathe Underwater",You are to construct a narrative or story based on the prompt provided below. The story length are suggested around 500 words. Let's think step by step. The prompt is: The Boy who could Breathe Underwater
You are to construct a narrative or story based on the prompt provided below. The story length are suggested around 500 words. The prompt is: The Land of Everlasting Night,"Imaginative Stories Task. In this task, your creativity and storytelling ability will be assessed. You are to construct a narrative or story based on the prompt provided below. Your story should be as creative, engaging, and detailed as possible. Remember, there are no correct or incorrect responses. This task is designed to tap into your creative thinking and narrative abilities. The story length are suggested around 500 words. The prompt is: The Land of Everlasting Night",You are to construct a narrative or story based on the prompt provided below. The story length are suggested around 500 words. Let's think step by step. The prompt is: The Land of Everlasting Night
You are to construct a narrative or story based on the prompt provided below. The story length are suggested around 500 words. The prompt is: The Fastest Snail in the World,"Imaginative Stories Task. In this task, your creativity and storytelling ability will be assessed. You are to construct a narrative or story based on the prompt provided below. Your story should be as creative, engaging, and detailed as possible. Remember, there are no correct or incorrect responses. This task is designed to tap into your creative thinking and narrative abilities. The story length are suggested around 500 words. The prompt is: The Fastest Snail in the World",You are to construct a narrative or story based on the prompt provided below. The story length are suggested around 500 words. Let's think step by step. The prompt is: The Fastest Snail in the World
You are to construct a narrative or story based on the prompt provided below. The story length are suggested around 500 words. The prompt is: The Time-Traveling Bunny,"Imaginative Stories Task. In this task, your creativity and storytelling ability will be assessed. You are to construct a narrative or story based on the prompt provided below. Your story should be as creative, engaging, and detailed as possible. Remember, there are no correct or incorrect responses. This task is designed to tap into your creative thinking and narrative abilities. The story length are suggested around 500 words. The prompt is: The Time-Traveling Bunny",You are to construct a narrative or story based on the prompt provided below. The story length are suggested around 500 words. Let's think step by step. The prompt is: The Time-Traveling Bunny
You are to construct a narrative or story based on the prompt provided below. The story length are suggested around 500 words. The prompt is: The Alien in the Backyard,"Imaginative Stories Task. In this task, your creativity and storytelling ability will be assessed. You are to construct a narrative or story based on the prompt provided below. Your story should be as creative, engaging, and detailed as possible. Remember, there are no correct or incorrect responses. This task is designed to tap into your creative thinking and narrative abilities. The story length are suggested around 500 words. The prompt is: The Alien in the Backyard",You are to construct a narrative or story based on the prompt provided below. The story length are suggested around 500 words. Let's think step by step. The prompt is: The Alien in the Backyard
You are to construct a narrative or story based on the prompt provided below. The story length are suggested around 500 words. The prompt is: The Squirrel's Secret,"Imaginative Stories Task. In this task, your creativity and storytelling ability will be assessed. You are to construct a narrative or story based on the prompt provided below. Your story should be as creative, engaging, and detailed as possible. Remember, there are no correct or incorrect responses. This task is designed to tap into your creative thinking and narrative abilities. The story length are suggested around 500 words. The prompt is: The Squirrel's Secret",You are to construct a narrative or story based on the prompt provided below. The story length are suggested around 500 words. Let's think step by step. The prompt is: The Squirrel's Secret
You are to construct a narrative or story based on the prompt provided below. The story length are suggested around 500 words. The prompt is: The Tree that Grew Diamonds,"Imaginative Stories Task. In this task, your creativity and storytelling ability will be assessed. You are to construct a narrative or story based on the prompt provided below. Your story should be as creative, engaging, and detailed as possible. Remember, there are no correct or incorrect responses. This task is designed to tap into your creative thinking and narrative abilities. The story length are suggested around 500 words. The prompt is: The Tree that Grew Diamonds",You are to construct a narrative or story based on the prompt provided below. The story length are suggested around 500 words. Let's think step by step. The prompt is: The Tree that Grew Diamonds
You are to construct a narrative or story based on the prompt provided below. The story length are suggested around 500 words. The prompt is: The Wind that Whispered,"Imaginative Stories Task. In this task, your creativity and storytelling ability will be assessed. You are to construct a narrative or story based on the prompt provided below. Your story should be as creative, engaging, and detailed as possible. Remember, there are no correct or incorrect responses. This task is designed to tap into your creative thinking and narrative abilities. The story length are suggested around 500 words. The prompt is: The Wind that Whispered",You are to construct a narrative or story based on the prompt provided below. The story length are suggested around 500 words. Let's think step by step. The prompt is: The Wind that Whispered
You are to construct a narrative or story based on the prompt provided below. The story length are suggested around 500 words. The prompt is: The Lion without a Roar,"Imaginative Stories Task. In this task, your creativity and storytelling ability will be assessed. You are to construct a narrative or story based on the prompt provided below. Your story should be as creative, engaging, and detailed as possible. Remember, there are no correct or incorrect responses. This task is designed to tap into your creative thinking and narrative abilities. The story length are suggested around 500 words. The prompt is: The Lion without a Roar",You are to construct a narrative or story based on the prompt provided below. The story length are suggested around 500 words. Let's think step by step. The prompt is: The Lion without a Roar
You are to construct a narrative or story based on the prompt provided below. The story length are suggested around 500 words. The prompt is: The Teddy Bear's Adventure,"Imaginative Stories Task. In this task, your creativity and storytelling ability will be assessed. You are to construct a narrative or story based on the prompt provided below. Your story should be as creative, engaging, and detailed as possible. Remember, there are no correct or incorrect responses. This task is designed to tap into your creative thinking and narrative abilities. The story length are suggested around 500 words. The prompt is: The Teddy Bear's Adventure",You are to construct a narrative or story based on the prompt provided below. The story length are suggested around 500 words. Let's think step by step. The prompt is: The Teddy Bear's Adventure
You are to construct a narrative or story based on the prompt provided below. The story length are suggested around 500 words. The prompt is: The Kingdom under the Bed,"Imaginative Stories Task. In this task, your creativity and storytelling ability will be assessed. You are to construct a narrative or story based on the prompt provided below. Your story should be as creative, engaging, and detailed as possible. Remember, there are no correct or incorrect responses. This task is designed to tap into your creative thinking and narrative abilities. The story length are suggested around 500 words. The prompt is: The Kingdom under the Bed",You are to construct a narrative or story based on the prompt provided below. The story length are suggested around 500 words. Let's think step by step. The prompt is: The Kingdom under the Bed
You are to construct a narrative or story based on the prompt provided below. The story length are suggested around 500 words. The prompt is: The Dragon who was Afraid of Fire,"Imaginative Stories Task. In this task, your creativity and storytelling ability will be assessed. You are to construct a narrative or story based on the prompt provided below. Your story should be as creative, engaging, and detailed as possible. Remember, there are no correct or incorrect responses. This task is designed to tap into your creative thinking and narrative abilities. The story length are suggested around 500 words. The prompt is: The Dragon who was Afraid of Fire",You are to construct a narrative or story based on the prompt provided below. The story length are suggested around 500 words. Let's think step by step. The prompt is: The Dragon who was Afraid of Fire
You are to construct a narrative or story based on the prompt provided below. The story length are suggested around 500 words. The prompt is: The Girl who could Speak with Birds,"Imaginative Stories Task. In this task, your creativity and storytelling ability will be assessed. You are to construct a narrative or story based on the prompt provided below. Your story should be as creative, engaging, and detailed as possible. Remember, there are no correct or incorrect responses. This task is designed to tap into your creative thinking and narrative abilities. The story length are suggested around 500 words. The prompt is: The Girl who could Speak with Birds",You are to construct a narrative or story based on the prompt provided below. The story length are suggested around 500 words. Let's think step by step. The prompt is: The Girl who could Speak with Birds
You are to construct a narrative or story based on the prompt provided below. The story length are suggested around 500 words. The prompt is: The Ice-Cream Rain,"Imaginative Stories Task. In this task, your creativity and storytelling ability will be assessed. You are to construct a narrative or story based on the prompt provided below. Your story should be as creative, engaging, and detailed as possible. Remember, there are no correct or incorrect responses. This task is designed to tap into your creative thinking and narrative abilities. The story length are suggested around 500 words. The prompt is: The Ice-Cream Rain",You are to construct a narrative or story based on the prompt provided below. The story length are suggested around 500 words. Let's think step by step. The prompt is: The Ice-Cream Rain
You are to construct a narrative or story based on the prompt provided below. The story length are suggested around 500 words. The prompt is: The Book that Wrote Itself,"Imaginative Stories Task. In this task, your creativity and storytelling ability will be assessed. You are to construct a narrative or story based on the prompt provided below. Your story should be as creative, engaging, and detailed as possible. Remember, there are no correct or incorrect responses. This task is designed to tap into your creative thinking and narrative abilities. The story length are suggested around 500 words. The prompt is: The Book that Wrote Itself",You are to construct a narrative or story based on the prompt provided below. The story length are suggested around 500 words. Let's think step by step. The prompt is: The Book that Wrote Itself
You are to construct a narrative or story based on the prompt provided below. The story length are suggested around 500 words. The prompt is: The Sunflower that Never Bloomed,"Imaginative Stories Task. In this task, your creativity and storytelling ability will be assessed. You are to construct a narrative or story based on the prompt provided below. Your story should be as creative, engaging, and detailed as possible. Remember, there are no correct or incorrect responses. This task is designed to tap into your creative thinking and narrative abilities. The story length are suggested around 500 words. The prompt is: The Sunflower that Never Bloomed",You are to construct a narrative or story based on the prompt provided below. The story length are suggested around 500 words. Let's think step by step. The prompt is: The Sunflower that Never Bloomed
You are to construct a narrative or story based on the prompt provided below. The story length are suggested around 500 words. The prompt is: The Mirror with Another World,"Imaginative Stories Task. In this task, your creativity and storytelling ability will be assessed. You are to construct a narrative or story based on the prompt provided below. Your story should be as creative, engaging, and detailed as possible. Remember, there are no correct or incorrect responses. This task is designed to tap into your creative thinking and narrative abilities. The story length are suggested around 500 words. The prompt is: The Mirror with Another World",You are to construct a narrative or story based on the prompt provided below. The story length are suggested around 500 words. Let's think step by step. The prompt is: The Mirror with Another World
You are to construct a narrative or story based on the prompt provided below. The story length are suggested around 500 words. The prompt is: The Turtle that Could Fly,"Imaginative Stories Task. In this task, your creativity and storytelling ability will be assessed. You are to construct a narrative or story based on the prompt provided below. Your story should be as creative, engaging, and detailed as possible. Remember, there are no correct or incorrect responses. This task is designed to tap into your creative thinking and narrative abilities. The story length are suggested around 500 words. The prompt is: The Turtle that Could Fly",You are to construct a narrative or story based on the prompt provided below. The story length are suggested around 500 words. Let's think step by step. The prompt is: The Turtle that Could Fly
You are to construct a narrative or story based on the prompt provided below. The story length are suggested around 500 words. The prompt is: The Doll that Came to Life,"Imaginative Stories Task. In this task, your creativity and storytelling ability will be assessed. You are to construct a narrative or story based on the prompt provided below. Your story should be as creative, engaging, and detailed as possible. Remember, there are no correct or incorrect responses. This task is designed to tap into your creative thinking and narrative abilities. The story length are suggested around 500 words. The prompt is: The Doll that Came to Life",You are to construct a narrative or story based on the prompt provided below. The story length are suggested around 500 words. Let's think step by step. The prompt is: The Doll that Came to Life
You are to construct a narrative or story based on the prompt provided below. The story length are suggested around 500 words. The prompt is: The Star that Fell to Earth,"Imaginative Stories Task. In this task, your creativity and storytelling ability will be assessed. You are to construct a narrative or story based on the prompt provided below. Your story should be as creative, engaging, and detailed as possible. Remember, there are no correct or incorrect responses. This task is designed to tap into your creative thinking and narrative abilities. The story length are suggested around 500 words. The prompt is: The Star that Fell to Earth",You are to construct a narrative or story based on the prompt provided below. The story length are suggested around 500 words. Let's think step by step. The prompt is: The Star that Fell to Earth
You are to construct a narrative or story based on the prompt provided below. The story length are suggested around 500 words. The prompt is: The Clock that Ran Backwards,"Imaginative Stories Task. In this task, your creativity and storytelling ability will be assessed. You are to construct a narrative or story based on the prompt provided below. Your story should be as creative, engaging, and detailed as possible. Remember, there are no correct or incorrect responses. This task is designed to tap into your creative thinking and narrative abilities. The story length are suggested around 500 words. The prompt is: The Clock that Ran Backwards",You are to construct a narrative or story based on the prompt provided below. The story length are suggested around 500 words. Let's think step by step. The prompt is: The Clock that Ran Backwards
You are to construct a narrative or story based on the prompt provided below. The story length are suggested around 500 words. The prompt is: The Invisible Friend,"Imaginative Stories Task. In this task, your creativity and storytelling ability will be assessed. You are to construct a narrative or story based on the prompt provided below. Your story should be as creative, engaging, and detailed as possible. Remember, there are no correct or incorrect responses. This task is designed to tap into your creative thinking and narrative abilities. The story length are suggested around 500 words. The prompt is: The Invisible Friend",You are to construct a narrative or story based on the prompt provided below. The story length are suggested around 500 words. Let's think step by step. The prompt is: The Invisible Friend
You are to construct a narrative or story based on the prompt provided below. The story length are suggested around 500 words. The prompt is: The Whale in the Pond,"Imaginative Stories Task. In this task, your creativity and storytelling ability will be assessed. You are to construct a narrative or story based on the prompt provided below. Your story should be as creative, engaging, and detailed as possible. Remember, there are no correct or incorrect responses. This task is designed to tap into your creative thinking and narrative abilities. The story length are suggested around 500 words. The prompt is: The Whale in the Pond",You are to construct a narrative or story based on the prompt provided below. The story length are suggested around 500 words. Let's think step by step. The prompt is: The Whale in the Pond
You are to construct a narrative or story based on the prompt provided below. The story length are suggested around 500 words. The prompt is: The Snoring Sun,"Imaginative Stories Task. In this task, your creativity and storytelling ability will be assessed. You are to construct a narrative or story based on the prompt provided below. Your story should be as creative, engaging, and detailed as possible. Remember, there are no correct or incorrect responses. This task is designed to tap into your creative thinking and narrative abilities. The story length are suggested around 500 words. The prompt is: The Snoring Sun",You are to construct a narrative or story based on the prompt provided below. The story length are suggested around 500 words. Let's think step by step. The prompt is: The Snoring Sun
You are to construct a narrative or story based on the prompt provided below. The story length are suggested around 500 words. The prompt is: The Shoe that Could Run,"Imaginative Stories Task. In this task, your creativity and storytelling ability will be assessed. You are to construct a narrative or story based on the prompt provided below. Your story should be as creative, engaging, and detailed as possible. Remember, there are no correct or incorrect responses. This task is designed to tap into your creative thinking and narrative abilities. The story length are suggested around 500 words. The prompt is: The Shoe that Could Run",You are to construct a narrative or story based on the prompt provided below. The story length are suggested around 500 words. Let's think step by step. The prompt is: The Shoe that Could Run
You are to construct a narrative or story based on the prompt provided below. The story length are suggested around 500 words. The prompt is: The Boy with Balloon Hands,"Imaginative Stories Task. In this task, your creativity and storytelling ability will be assessed. You are to construct a narrative or story based on the prompt provided below. Your story should be as creative, engaging, and detailed as possible. Remember, there are no correct or incorrect responses. This task is designed to tap into your creative thinking and narrative abilities. The story length are suggested around 500 words. The prompt is: The Boy with Balloon Hands",You are to construct a narrative or story based on the prompt provided below. The story length are suggested around 500 words. Let's think step by step. The prompt is: The Boy with Balloon Hands
You are to construct a narrative or story based on the prompt provided below. The story length are suggested around 500 words. The prompt is: The Day Children Ruled the World,"Imaginative Stories Task. In this task, your creativity and storytelling ability will be assessed. You are to construct a narrative or story based on the prompt provided below. Your story should be as creative, engaging, and detailed as possible. Remember, there are no correct or incorrect responses. This task is designed to tap into your creative thinking and narrative abilities. The story length are suggested around 500 words. The prompt is: The Day Children Ruled the World",You are to construct a narrative or story based on the prompt provided below. The story length are suggested around 500 words. Let's think step by step. The prompt is: The Day Children Ruled the World
You are to construct a narrative or story based on the prompt provided below. The story length are suggested around 500 words. The prompt is: The Fish that Climbed Trees,"Imaginative Stories Task. In this task, your creativity and storytelling ability will be assessed. You are to construct a narrative or story based on the prompt provided below. Your story should be as creative, engaging, and detailed as possible. Remember, there are no correct or incorrect responses. This task is designed to tap into your creative thinking and narrative abilities. The story length are suggested around 500 words. The prompt is: The Fish that Climbed Trees",You are to construct a narrative or story based on the prompt provided below. The story length are suggested around 500 words. Let's think step by step. The prompt is: The Fish that Climbed Trees
You are to construct a narrative or story based on the prompt provided below. The story length are suggested around 500 words. The prompt is: The Bird who Forgot how to Fly,"Imaginative Stories Task. In this task, your creativity and storytelling ability will be assessed. You are to construct a narrative or story based on the prompt provided below. Your story should be as creative, engaging, and detailed as possible. Remember, there are no correct or incorrect responses. This task is designed to tap into your creative thinking and narrative abilities. The story length are suggested around 500 words. The prompt is: The Bird who Forgot how to Fly",You are to construct a narrative or story based on the prompt provided below. The story length are suggested around 500 words. Let's think step by step. The prompt is: The Bird who Forgot how to Fly
You are to construct a narrative or story based on the prompt provided below. The story length are suggested around 500 words. The prompt is: The Horse with Zebra Stripes,"Imaginative Stories Task. In this task, your creativity and storytelling ability will be assessed. You are to construct a narrative or story based on the prompt provided below. Your story should be as creative, engaging, and detailed as possible. Remember, there are no correct or incorrect responses. This task is designed to tap into your creative thinking and narrative abilities. The story length are suggested around 500 words. The prompt is: The Horse with Zebra Stripes",You are to construct a narrative or story based on the prompt provided below. The story length are suggested around 500 words. Let's think step by step. The prompt is: The Horse with Zebra Stripes
You are to construct a narrative or story based on the prompt provided below. The story length are suggested around 500 words. The prompt is: The Magic Feather,"Imaginative Stories Task. In this task, your creativity and storytelling ability will be assessed. You are to construct a narrative or story based on the prompt provided below. Your story should be as creative, engaging, and detailed as possible. Remember, there are no correct or incorrect responses. This task is designed to tap into your creative thinking and narrative abilities. The story length are suggested around 500 words. The prompt is: The Magic Feather",You are to construct a narrative or story based on the prompt provided below. The story length are suggested around 500 words. Let's think step by step. The prompt is: The Magic Feather
You are to construct a narrative or story based on the prompt provided below. The story length are suggested around 500 words. The prompt is: The Mice Who Could Sing,"Imaginative Stories Task. In this task, your creativity and storytelling ability will be assessed. You are to construct a narrative or story based on the prompt provided below. Your story should be as creative, engaging, and detailed as possible. Remember, there are no correct or incorrect responses. This task is designed to tap into your creative thinking and narrative abilities. The story length are suggested around 500 words. The prompt is: The Mice Who Could Sing",You are to construct a narrative or story based on the prompt provided below. The story length are suggested around 500 words. Let's think step by step. The prompt is: The Mice Who Could Sing
You are to construct a narrative or story based on the prompt provided below. The story length are suggested around 500 words. The prompt is: The Day The Oceans Turned Into Lemonade,"Imaginative Stories Task. In this task, your creativity and storytelling ability will be assessed. You are to construct a narrative or story based on the prompt provided below. Your story should be as creative, engaging, and detailed as possible. Remember, there are no correct or incorrect responses. This task is designed to tap into your creative thinking and narrative abilities. The story length are suggested around 500 words. The prompt is: The Day The Oceans Turned Into Lemonade",You are to construct a narrative or story based on the prompt provided below. The story length are suggested around 500 words. Let's think step by step. The prompt is: The Day The Oceans Turned Into Lemonade
You are to construct a narrative or story based on the prompt provided below. The story length are suggested around 500 words. The prompt is: The Frog That Wished to be a Prince,"Imaginative Stories Task. In this task, your creativity and storytelling ability will be assessed. You are to construct a narrative or story based on the prompt provided below. Your story should be as creative, engaging, and detailed as possible. Remember, there are no correct or incorrect responses. This task is designed to tap into your creative thinking and narrative abilities. The story length are suggested around 500 words. The prompt is: The Frog That Wished to be a Prince",You are to construct a narrative or story based on the prompt provided below. The story length are suggested around 500 words. Let's think step by step. The prompt is: The Frog That Wished to be a Prince
You are to construct a narrative or story based on the prompt provided below. The story length are suggested around 500 words. The prompt is: The Raindrop's Journey,"Imaginative Stories Task. In this task, your creativity and storytelling ability will be assessed. You are to construct a narrative or story based on the prompt provided below. Your story should be as creative, engaging, and detailed as possible. Remember, there are no correct or incorrect responses. This task is designed to tap into your creative thinking and narrative abilities. The story length are suggested around 500 words. The prompt is: The Raindrop's Journey",You are to construct a narrative or story based on the prompt provided below. The story length are suggested around 500 words. Let's think step by step. The prompt is: The Raindrop's Journey
You are to construct a narrative or story based on the prompt provided below. The story length are suggested around 500 words. The prompt is: The Snowman Who Came to Life,"Imaginative Stories Task. In this task, your creativity and storytelling ability will be assessed. You are to construct a narrative or story based on the prompt provided below. Your story should be as creative, engaging, and detailed as possible. Remember, there are no correct or incorrect responses. This task is designed to tap into your creative thinking and narrative abilities. The story length are suggested around 500 words. The prompt is: The Snowman Who Came to Life",You are to construct a narrative or story based on the prompt provided below. The story length are suggested around 500 words. Let's think step by step. The prompt is: The Snowman Who Came to Life
You are to construct a narrative or story based on the prompt provided below. The story length are suggested around 500 words. The prompt is: The Octopus With Only Seven Arms,"Imaginative Stories Task. In this task, your creativity and storytelling ability will be assessed. You are to construct a narrative or story based on the prompt provided below. Your story should be as creative, engaging, and detailed as possible. Remember, there are no correct or incorrect responses. This task is designed to tap into your creative thinking and narrative abilities. The story length are suggested around 500 words. The prompt is: The Octopus With Only Seven Arms",You are to construct a narrative or story based on the prompt provided below. The story length are suggested around 500 words. Let's think step by step. The prompt is: The Octopus With Only Seven Arms
You are to construct a narrative or story based on the prompt provided below. The story length are suggested around 500 words. The prompt is: The House That Walked,"Imaginative Stories Task. In this task, your creativity and storytelling ability will be assessed. You are to construct a narrative or story based on the prompt provided below. Your story should be as creative, engaging, and detailed as possible. Remember, there are no correct or incorrect responses. This task is designed to tap into your creative thinking and narrative abilities. The story length are suggested around 500 words. The prompt is: The House That Walked",You are to construct a narrative or story based on the prompt provided below. The story length are suggested around 500 words. Let's think step by step. The prompt is: The House That Walked
You are to construct a narrative or story based on the prompt provided below. The story length are suggested around 500 words. The prompt is: The Land of Sweets and Treats,"Imaginative Stories Task. In this task, your creativity and storytelling ability will be assessed. You are to construct a narrative or story based on the prompt provided below. Your story should be as creative, engaging, and detailed as possible. Remember, there are no correct or incorrect responses. This task is designed to tap into your creative thinking and narrative abilities. The story length are suggested around 500 words. The prompt is: The Land of Sweets and Treats",You are to construct a narrative or story based on the prompt provided below. The story length are suggested around 500 words. Let's think step by step. The prompt is: The Land of Sweets and Treats
You are to construct a narrative or story based on the prompt provided below. The story length are suggested around 500 words. The prompt is: The Unicorn Without a Horn,"Imaginative Stories Task. In this task, your creativity and storytelling ability will be assessed. You are to construct a narrative or story based on the prompt provided below. Your story should be as creative, engaging, and detailed as possible. Remember, there are no correct or incorrect responses. This task is designed to tap into your creative thinking and narrative abilities. The story length are suggested around 500 words. The prompt is: The Unicorn Without a Horn",You are to construct a narrative or story based on the prompt provided below. The story length are suggested around 500 words. Let's think step by step. The prompt is: The Unicorn Without a Horn
You are to construct a narrative or story based on the prompt provided below. The story length are suggested around 500 words. The prompt is: The Cloud That Was Afraid of Heights,"Imaginative Stories Task. In this task, your creativity and storytelling ability will be assessed. You are to construct a narrative or story based on the prompt provided below. Your story should be as creative, engaging, and detailed as possible. Remember, there are no correct or incorrect responses. This task is designed to tap into your creative thinking and narrative abilities. The story length are suggested around 500 words. The prompt is: The Cloud That Was Afraid of Heights",You are to construct a narrative or story based on the prompt provided below. The story length are suggested around 500 words. Let's think step by step. The prompt is: The Cloud That Was Afraid of Heights
You are to construct a narrative or story based on the prompt provided below. The story length are suggested around 500 words. The prompt is: The Monkey That Lost Its Swing,"Imaginative Stories Task. In this task, your creativity and storytelling ability will be assessed. You are to construct a narrative or story based on the prompt provided below. Your story should be as creative, engaging, and detailed as possible. Remember, there are no correct or incorrect responses. This task is designed to tap into your creative thinking and narrative abilities. The story length are suggested around 500 words. The prompt is: The Monkey That Lost Its Swing",You are to construct a narrative or story based on the prompt provided below. The story length are suggested around 500 words. Let's think step by step. The prompt is: The Monkey That Lost Its Swing
You are to construct a narrative or story based on the prompt provided below. The story length are suggested around 500 words. The prompt is: The Bear Who Loved Honey Too Much,"Imaginative Stories Task. In this task, your creativity and storytelling ability will be assessed. You are to construct a narrative or story based on the prompt provided below. Your story should be as creative, engaging, and detailed as possible. Remember, there are no correct or incorrect responses. This task is designed to tap into your creative thinking and narrative abilities. The story length are suggested around 500 words. The prompt is: The Bear Who Loved Honey Too Much",You are to construct a narrative or story based on the prompt provided below. The story length are suggested around 500 words. Let's think step by step. The prompt is: The Bear Who Loved Honey Too Much
You are to construct a narrative or story based on the prompt provided below. The story length are suggested around 500 words. The prompt is: The Starfish That Could Walk on Land,"Imaginative Stories Task. In this task, your creativity and storytelling ability will be assessed. You are to construct a narrative or story based on the prompt provided below. Your story should be as creative, engaging, and detailed as possible. Remember, there are no correct or incorrect responses. This task is designed to tap into your creative thinking and narrative abilities. The story length are suggested around 500 words. The prompt is: The Starfish That Could Walk on Land",You are to construct a narrative or story based on the prompt provided below. The story length are suggested around 500 words. Let's think step by step. The prompt is: The Starfish That Could Walk on Land
You are to construct a narrative or story based on the prompt provided below. The story length are suggested around 500 words. The prompt is: The School Where Pets are Teachers,"Imaginative Stories Task. In this task, your creativity and storytelling ability will be assessed. You are to construct a narrative or story based on the prompt provided below. Your story should be as creative, engaging, and detailed as possible. Remember, there are no correct or incorrect responses. This task is designed to tap into your creative thinking and narrative abilities. The story length are suggested around 500 words. The prompt is: The School Where Pets are Teachers",You are to construct a narrative or story based on the prompt provided below. The story length are suggested around 500 words. Let's think step by step. The prompt is: The School Where Pets are Teachers
You are to construct a narrative or story based on the prompt provided below. The story length are suggested around 500 words. The prompt is: The Planet of Ice Cream,"Imaginative Stories Task. In this task, your creativity and storytelling ability will be assessed. You are to construct a narrative or story based on the prompt provided below. Your story should be as creative, engaging, and detailed as possible. Remember, there are no correct or incorrect responses. This task is designed to tap into your creative thinking and narrative abilities. The story length are suggested around 500 words. The prompt is: The Planet of Ice Cream",You are to construct a narrative or story based on the prompt provided below. The story length are suggested around 500 words. Let's think step by step. The prompt is: The Planet of Ice Cream
You are to construct a narrative or story based on the prompt provided below. The story length are suggested around 500 words. The prompt is: The Button That Paused Time,"Imaginative Stories Task. In this task, your creativity and storytelling ability will be assessed. You are to construct a narrative or story based on the prompt provided below. Your story should be as creative, engaging, and detailed as possible. Remember, there are no correct or incorrect responses. This task is designed to tap into your creative thinking and narrative abilities. The story length are suggested around 500 words. The prompt is: The Button That Paused Time",You are to construct a narrative or story based on the prompt provided below. The story length are suggested around 500 words. Let's think step by step. The prompt is: The Button That Paused Time
You are to construct a narrative or story based on the prompt provided below. The story length are suggested around 500 words. The prompt is: The Leaf That Never Fell,"Imaginative Stories Task. In this task, your creativity and storytelling ability will be assessed. You are to construct a narrative or story based on the prompt provided below. Your story should be as creative, engaging, and detailed as possible. Remember, there are no correct or incorrect responses. This task is designed to tap into your creative thinking and narrative abilities. The story length are suggested around 500 words. The prompt is: The Leaf That Never Fell",You are to construct a narrative or story based on the prompt provided below. The story length are suggested around 500 words. Let's think step by step. The prompt is: The Leaf That Never Fell
You are to construct a narrative or story based on the prompt provided below. The story length are suggested around 500 words. The prompt is: The Rainbow-Colored Zebra,"Imaginative Stories Task. In this task, your creativity and storytelling ability will be assessed. You are to construct a narrative or story based on the prompt provided below. Your story should be as creative, engaging, and detailed as possible. Remember, there are no correct or incorrect responses. This task is designed to tap into your creative thinking and narrative abilities. The story length are suggested around 500 words. The prompt is: The Rainbow-Colored Zebra",You are to construct a narrative or story based on the prompt provided below. The story length are suggested around 500 words. Let's think step by step. The prompt is: The Rainbow-Colored Zebra
You are to construct a narrative or story based on the prompt provided below. The story length are suggested around 500 words. The prompt is: The Spider That Spun Golden Webs,"Imaginative Stories Task. In this task, your creativity and storytelling ability will be assessed. You are to construct a narrative or story based on the prompt provided below. Your story should be as creative, engaging, and detailed as possible. Remember, there are no correct or incorrect responses. This task is designed to tap into your creative thinking and narrative abilities. The story length are suggested around 500 words. The prompt is: The Spider That Spun Golden Webs",You are to construct a narrative or story based on the prompt provided below. The story length are suggested around 500 words. Let's think step by step. The prompt is: The Spider That Spun Golden Webs
You are to construct a narrative or story based on the prompt provided below. The story length are suggested around 500 words. The prompt is: The Boy Who Could Taste Words,"Imaginative Stories Task. In this task, your creativity and storytelling ability will be assessed. You are to construct a narrative or story based on the prompt provided below. Your story should be as creative, engaging, and detailed as possible. Remember, there are no correct or incorrect responses. This task is designed to tap into your creative thinking and narrative abilities. The story length are suggested around 500 words. The prompt is: The Boy Who Could Taste Words",You are to construct a narrative or story based on the prompt provided below. The story length are suggested around 500 words. Let's think step by step. The prompt is: The Boy Who Could Taste Words
You are to construct a narrative or story based on the prompt provided below. The story length are suggested around 500 words. The prompt is: The Invisible Birthday Party,"Imaginative Stories Task. In this task, your creativity and storytelling ability will be assessed. You are to construct a narrative or story based on the prompt provided below. Your story should be as creative, engaging, and detailed as possible. Remember, there are no correct or incorrect responses. This task is designed to tap into your creative thinking and narrative abilities. The story length are suggested around 500 words. The prompt is: The Invisible Birthday Party",You are to construct a narrative or story based on the prompt provided below. The story length are suggested around 500 words. Let's think step by step. The prompt is: The Invisible Birthday Party
You are to construct a narrative or story based on the prompt provided below. The story length are suggested around 500 words. The prompt is: The Mouse Who Lived In A Shoe,"Imaginative Stories Task. In this task, your creativity and storytelling ability will be assessed. You are to construct a narrative or story based on the prompt provided below. Your story should be as creative, engaging, and detailed as possible. Remember, there are no correct or incorrect responses. This task is designed to tap into your creative thinking and narrative abilities. The story length are suggested around 500 words. The prompt is: The Mouse Who Lived In A Shoe",You are to construct a narrative or story based on the prompt provided below. The story length are suggested around 500 words. Let's think step by step. The prompt is: The Mouse Who Lived In A Shoe
You are to construct a narrative or story based on the prompt provided below. The story length are suggested around 500 words. The prompt is: The Tree That Grew Upside Down,"Imaginative Stories Task. In this task, your creativity and storytelling ability will be assessed. You are to construct a narrative or story based on the prompt provided below. Your story should be as creative, engaging, and detailed as possible. Remember, there are no correct or incorrect responses. This task is designed to tap into your creative thinking and narrative abilities. The story length are suggested around 500 words. The prompt is: The Tree That Grew Upside Down",You are to construct a narrative or story based on the prompt provided below. The story length are suggested around 500 words. Let's think step by step. The prompt is: The Tree That Grew Upside Down
You are to construct a narrative or story based on the prompt provided below. The story length are suggested around 500 words. The prompt is: The Kangaroo Who Couldn't Hop,"Imaginative Stories Task. In this task, your creativity and storytelling ability will be assessed. You are to construct a narrative or story based on the prompt provided below. Your story should be as creative, engaging, and detailed as possible. Remember, there are no correct or incorrect responses. This task is designed to tap into your creative thinking and narrative abilities. The story length are suggested around 500 words. The prompt is: The Kangaroo Who Couldn't Hop",You are to construct a narrative or story based on the prompt provided below. The story length are suggested around 500 words. Let's think step by step. The prompt is: The Kangaroo Who Couldn't Hop
You are to construct a narrative or story based on the prompt provided below. The story length are suggested around 500 words. The prompt is: The Day The Night Stayed,"Imaginative Stories Task. In this task, your creativity and storytelling ability will be assessed. You are to construct a narrative or story based on the prompt provided below. Your story should be as creative, engaging, and detailed as possible. Remember, there are no correct or incorrect responses. This task is designed to tap into your creative thinking and narrative abilities. The story length are suggested around 500 words. The prompt is: The Day The Night Stayed",You are to construct a narrative or story based on the prompt provided below. The story length are suggested around 500 words. Let's think step by step. The prompt is: The Day The Night Stayed
You are to construct a narrative or story based on the prompt provided below. The story length are suggested around 500 words. The prompt is: The Little Girl Who Could See Sounds,"Imaginative Stories Task. In this task, your creativity and storytelling ability will be assessed. You are to construct a narrative or story based on the prompt provided below. Your story should be as creative, engaging, and detailed as possible. Remember, there are no correct or incorrect responses. This task is designed to tap into your creative thinking and narrative abilities. The story length are suggested around 500 words. The prompt is: The Little Girl Who Could See Sounds",You are to construct a narrative or story based on the prompt provided below. The story length are suggested around 500 words. Let's think step by step. The prompt is: The Little Girl Who Could See Sounds
You are to construct a narrative or story based on the prompt provided below. The story length are suggested around 500 words. The prompt is: The Parrot Who Couldn't Repeat,"Imaginative Stories Task. In this task, your creativity and storytelling ability will be assessed. You are to construct a narrative or story based on the prompt provided below. Your story should be as creative, engaging, and detailed as possible. Remember, there are no correct or incorrect responses. This task is designed to tap into your creative thinking and narrative abilities. The story length are suggested around 500 words. The prompt is: The Parrot Who Couldn't Repeat",You are to construct a narrative or story based on the prompt provided below. The story length are suggested around 500 words. Let's think step by step. The prompt is: The Parrot Who Couldn't Repeat
You are to construct a narrative or story based on the prompt provided below. The story length are suggested around 500 words. The prompt is: The Ant Who Was a Giant,"Imaginative Stories Task. In this task, your creativity and storytelling ability will be assessed. You are to construct a narrative or story based on the prompt provided below. Your story should be as creative, engaging, and detailed as possible. Remember, there are no correct or incorrect responses. This task is designed to tap into your creative thinking and narrative abilities. The story length are suggested around 500 words. The prompt is: The Ant Who Was a Giant",You are to construct a narrative or story based on the prompt provided below. The story length are suggested around 500 words. Let's think step by step. The prompt is: The Ant Who Was a Giant
You are to construct a narrative or story based on the prompt provided below. The story length are suggested around 500 words. The prompt is: The Polar Bear Who Loved the Sun,"Imaginative Stories Task. In this task, your creativity and storytelling ability will be assessed. You are to construct a narrative or story based on the prompt provided below. Your story should be as creative, engaging, and detailed as possible. Remember, there are no correct or incorrect responses. This task is designed to tap into your creative thinking and narrative abilities. The story length are suggested around 500 words. The prompt is: The Polar Bear Who Loved the Sun",You are to construct a narrative or story based on the prompt provided below. The story length are suggested around 500 words. Let's think step by step. The prompt is: The Polar Bear Who Loved the Sun
You are to construct a narrative or story based on the prompt provided below. The story length are suggested around 500 words. The prompt is: The Clock That Could Speak,"Imaginative Stories Task. In this task, your creativity and storytelling ability will be assessed. You are to construct a narrative or story based on the prompt provided below. Your story should be as creative, engaging, and detailed as possible. Remember, there are no correct or incorrect responses. This task is designed to tap into your creative thinking and narrative abilities. The story length are suggested around 500 words. The prompt is: The Clock That Could Speak",You are to construct a narrative or story based on the prompt provided below. The story length are suggested around 500 words. Let's think step by step. The prompt is: The Clock That Could Speak
You are to construct a narrative or story based on the prompt provided below. The story length are suggested around 500 words. The prompt is: The Girl Who Found The End of the Rainbow,"Imaginative Stories Task. In this task, your creativity and storytelling ability will be assessed. You are to construct a narrative or story based on the prompt provided below. Your story should be as creative, engaging, and detailed as possible. Remember, there are no correct or incorrect responses. This task is designed to tap into your creative thinking and narrative abilities. The story length are suggested around 500 words. The prompt is: The Girl Who Found The End of the Rainbow",You are to construct a narrative or story based on the prompt provided below. The story length are suggested around 500 words. Let's think step by step. The prompt is: The Girl Who Found The End of the Rainbow
You are to construct a narrative or story based on the prompt provided below. The story length are suggested around 500 words. The prompt is: The Planet Where Dreams Are Made,"Imaginative Stories Task. In this task, your creativity and storytelling ability will be assessed. You are to construct a narrative or story based on the prompt provided below. Your story should be as creative, engaging, and detailed as possible. Remember, there are no correct or incorrect responses. This task is designed to tap into your creative thinking and narrative abilities. The story length are suggested around 500 words. The prompt is: The Planet Where Dreams Are Made",You are to construct a narrative or story based on the prompt provided below. The story length are suggested around 500 words. Let's think step by step. The prompt is: The Planet Where Dreams Are Made
You are to construct a narrative or story based on the prompt provided below. The story length are suggested around 500 words. The prompt is: The Chocolate River,"Imaginative Stories Task. In this task, your creativity and storytelling ability will be assessed. You are to construct a narrative or story based on the prompt provided below. Your story should be as creative, engaging, and detailed as possible. Remember, there are no correct or incorrect responses. This task is designed to tap into your creative thinking and narrative abilities. The story length are suggested around 500 words. The prompt is: The Chocolate River",You are to construct a narrative or story based on the prompt provided below. The story length are suggested around 500 words. Let's think step by step. The prompt is: The Chocolate River
You are to construct a narrative or story based on the prompt provided below. The story length are suggested around 500 words. The prompt is: The Ladder That Reached the Moon,"Imaginative Stories Task. In this task, your creativity and storytelling ability will be assessed. You are to construct a narrative or story based on the prompt provided below. Your story should be as creative, engaging, and detailed as possible. Remember, there are no correct or incorrect responses. This task is designed to tap into your creative thinking and narrative abilities. The story length are suggested around 500 words. The prompt is: The Ladder That Reached the Moon",You are to construct a narrative or story based on the prompt provided below. The story length are suggested around 500 words. Let's think step by step. The prompt is: The Ladder That Reached the Moon
You are to construct a narrative or story based on the prompt provided below. The story length are suggested around 500 words. The prompt is: The City That Floated In The Sky,"Imaginative Stories Task. In this task, your creativity and storytelling ability will be assessed. You are to construct a narrative or story based on the prompt provided below. Your story should be as creative, engaging, and detailed as possible. Remember, there are no correct or incorrect responses. This task is designed to tap into your creative thinking and narrative abilities. The story length are suggested around 500 words. The prompt is: The City That Floated In The Sky",You are to construct a narrative or story based on the prompt provided below. The story length are suggested around 500 words. Let's think step by step. The prompt is: The City That Floated In The Sky
You are to construct a narrative or story based on the prompt provided below. The story length are suggested around 500 words. The prompt is: The Mountain That Loved to Dance,"Imaginative Stories Task. In this task, your creativity and storytelling ability will be assessed. You are to construct a narrative or story based on the prompt provided below. Your story should be as creative, engaging, and detailed as possible. Remember, there are no correct or incorrect responses. This task is designed to tap into your creative thinking and narrative abilities. The story length are suggested around 500 words. The prompt is: The Mountain That Loved to Dance",You are to construct a narrative or story based on the prompt provided below. The story length are suggested around 500 words. Let's think step by step. The prompt is: The Mountain That Loved to Dance
You are to construct a narrative or story based on the prompt provided below. The story length are suggested around 500 words. The prompt is: The Elephant Who Forgot Everything,"Imaginative Stories Task. In this task, your creativity and storytelling ability will be assessed. You are to construct a narrative or story based on the prompt provided below. Your story should be as creative, engaging, and detailed as possible. Remember, there are no correct or incorrect responses. This task is designed to tap into your creative thinking and narrative abilities. The story length are suggested around 500 words. The prompt is: The Elephant Who Forgot Everything",You are to construct a narrative or story based on the prompt provided below. The story length are suggested around 500 words. Let's think step by step. The prompt is: The Elephant Who Forgot Everything
You are to construct a narrative or story based on the prompt provided below. The story length are suggested around 500 words. The prompt is: The Cheetah That Couldn't Run,"Imaginative Stories Task. In this task, your creativity and storytelling ability will be assessed. You are to construct a narrative or story based on the prompt provided below. Your story should be as creative, engaging, and detailed as possible. Remember, there are no correct or incorrect responses. This task is designed to tap into your creative thinking and narrative abilities. The story length are suggested around 500 words. The prompt is: The Cheetah That Couldn't Run",You are to construct a narrative or story based on the prompt provided below. The story length are suggested around 500 words. Let's think step by step. The prompt is: The Cheetah That Couldn't Run
You are to construct a narrative or story based on the prompt provided below. The story length are suggested around 500 words. The prompt is: The Dog Who Could Draw,"Imaginative Stories Task. In this task, your creativity and storytelling ability will be assessed. You are to construct a narrative or story based on the prompt provided below. Your story should be as creative, engaging, and detailed as possible. Remember, there are no correct or incorrect responses. This task is designed to tap into your creative thinking and narrative abilities. The story length are suggested around 500 words. The prompt is: The Dog Who Could Draw",You are to construct a narrative or story based on the prompt provided below. The story length are suggested around 500 words. Let's think step by step. The prompt is: The Dog Who Could Draw
You are to construct a narrative or story based on the prompt provided below. The story length are suggested around 500 words. The prompt is: The Sneezy Dragon,"Imaginative Stories Task. In this task, your creativity and storytelling ability will be assessed. You are to construct a narrative or story based on the prompt provided below. Your story should be as creative, engaging, and detailed as possible. Remember, there are no correct or incorrect responses. This task is designed to tap into your creative thinking and narrative abilities. The story length are suggested around 500 words. The prompt is: The Sneezy Dragon",You are to construct a narrative or story based on the prompt provided below. The story length are suggested around 500 words. Let's think step by step. The prompt is: The Sneezy Dragon
You are to construct a narrative or story based on the prompt provided below. The story length are suggested around 500 words. The prompt is: The Lonely Shadow,"Imaginative Stories Task. In this task, your creativity and storytelling ability will be assessed. You are to construct a narrative or story based on the prompt provided below. Your story should be as creative, engaging, and detailed as possible. Remember, there are no correct or incorrect responses. This task is designed to tap into your creative thinking and narrative abilities. The story length are suggested around 500 words. The prompt is: The Lonely Shadow",You are to construct a narrative or story based on the prompt provided below. The story length are suggested around 500 words. Let's think step by step. The prompt is: The Lonely Shadow
You are to construct a narrative or story based on the prompt provided below. The story length are suggested around 500 words. The prompt is: The Day The Music Disappeared,"Imaginative Stories Task. In this task, your creativity and storytelling ability will be assessed. You are to construct a narrative or story based on the prompt provided below. Your story should be as creative, engaging, and detailed as possible. Remember, there are no correct or incorrect responses. This task is designed to tap into your creative thinking and narrative abilities. The story length are suggested around 500 words. The prompt is: The Day The Music Disappeared",You are to construct a narrative or story based on the prompt provided below. The story length are suggested around 500 words. Let's think step by step. The prompt is: The Day The Music Disappeared
You are to construct a narrative or story based on the prompt provided below. The story length are suggested around 500 words. The prompt is: The Robot's First Day at School,"Imaginative Stories Task. In this task, your creativity and storytelling ability will be assessed. You are to construct a narrative or story based on the prompt provided below. Your story should be as creative, engaging, and detailed as possible. Remember, there are no correct or incorrect responses. This task is designed to tap into your creative thinking and narrative abilities. The story length are suggested around 500 words. The prompt is: The Robot's First Day at School",You are to construct a narrative or story based on the prompt provided below. The story length are suggested around 500 words. Let's think step by step. The prompt is: The Robot's First Day at School
You are to construct a narrative or story based on the prompt provided below. The story length are suggested around 500 words. The prompt is: The Snail That Won The Race,"Imaginative Stories Task. In this task, your creativity and storytelling ability will be assessed. You are to construct a narrative or story based on the prompt provided below. Your story should be as creative, engaging, and detailed as possible. Remember, there are no correct or incorrect responses. This task is designed to tap into your creative thinking and narrative abilities. The story length are suggested around 500 words. The prompt is: The Snail That Won The Race",You are to construct a narrative or story based on the prompt provided below. The story length are suggested around 500 words. Let's think step by step. The prompt is: The Snail That Won The Race
You are to construct a narrative or story based on the prompt provided below. The story length are suggested around 500 words. The prompt is: The Pirate Ship In The Sky,"Imaginative Stories Task. In this task, your creativity and storytelling ability will be assessed. You are to construct a narrative or story based on the prompt provided below. Your story should be as creative, engaging, and detailed as possible. Remember, there are no correct or incorrect responses. This task is designed to tap into your creative thinking and narrative abilities. The story length are suggested around 500 words. The prompt is: The Pirate Ship In The Sky",You are to construct a narrative or story based on the prompt provided below. The story length are suggested around 500 words. Let's think step by step. The prompt is: The Pirate Ship In The Sky
You are to construct a narrative or story based on the prompt provided below. The story length are suggested around 500 words. The prompt is: The Tiger Who Was Scared of Mice,"Imaginative Stories Task. In this task, your creativity and storytelling ability will be assessed. You are to construct a narrative or story based on the prompt provided below. Your story should be as creative, engaging, and detailed as possible. Remember, there are no correct or incorrect responses. This task is designed to tap into your creative thinking and narrative abilities. The story length are suggested around 500 words. The prompt is: The Tiger Who Was Scared of Mice",You are to construct a narrative or story based on the prompt provided below. The story length are suggested around 500 words. Let's think step by step. The prompt is: The Tiger Who Was Scared of Mice
You are to construct a narrative or story based on the prompt provided below. The story length are suggested around 500 words. The prompt is: The Witch Without a Broomstick,"Imaginative Stories Task. In this task, your creativity and storytelling ability will be assessed. You are to construct a narrative or story based on the prompt provided below. Your story should be as creative, engaging, and detailed as possible. Remember, there are no correct or incorrect responses. This task is designed to tap into your creative thinking and narrative abilities. The story length are suggested around 500 words. The prompt is: The Witch Without a Broomstick",You are to construct a narrative or story based on the prompt provided below. The story length are suggested around 500 words. Let's think step by step. The prompt is: The Witch Without a Broomstick
You are to construct a narrative or story based on the prompt provided below. The story length are suggested around 500 words. The prompt is: The Smiling Sunflower,"Imaginative Stories Task. In this task, your creativity and storytelling ability will be assessed. You are to construct a narrative or story based on the prompt provided below. Your story should be as creative, engaging, and detailed as possible. Remember, there are no correct or incorrect responses. This task is designed to tap into your creative thinking and narrative abilities. The story length are suggested around 500 words. The prompt is: The Smiling Sunflower",You are to construct a narrative or story based on the prompt provided below. The story length are suggested around 500 words. Let's think step by step. The prompt is: The Smiling Sunflower
You are to construct a narrative or story based on the prompt provided below. The story length are suggested around 500 words. The prompt is: The Puddle That Never Dried Up,"Imaginative Stories Task. In this task, your creativity and storytelling ability will be assessed. You are to construct a narrative or story based on the prompt provided below. Your story should be as creative, engaging, and detailed as possible. Remember, there are no correct or incorrect responses. This task is designed to tap into your creative thinking and narrative abilities. The story length are suggested around 500 words. The prompt is: The Puddle That Never Dried Up",You are to construct a narrative or story based on the prompt provided below. The story length are suggested around 500 words. Let's think step by step. The prompt is: The Puddle That Never Dried Up
You are to construct a narrative or story based on the prompt provided below. The story length are suggested around 500 words. The prompt is: The Spider That Feared Heights,"Imaginative Stories Task. In this task, your creativity and storytelling ability will be assessed. You are to construct a narrative or story based on the prompt provided below. Your story should be as creative, engaging, and detailed as possible. Remember, there are no correct or incorrect responses. This task is designed to tap into your creative thinking and narrative abilities. The story length are suggested around 500 words. The prompt is: The Spider That Feared Heights",You are to construct a narrative or story based on the prompt provided below. The story length are suggested around 500 words. Let's think step by step. The prompt is: The Spider That Feared Heights
